{
  "_meta": {
    "experiment": "first_mover_visualization",
    "timestamp": "2026-03-23T00:00:00+00:00",
    "code_sha": "d2b13c0ced7dd33567041ace2db1cbccf6824c12",
    "code_dirty": false,
    "config_sha": "backfilled",
    "n_reps": null,
    "paper_config": {
      "M": 200,
      "K": 30,
      "N_REPS": 50,
      "EPSILON": 0.08,
      "DELTA": 0.05,
      "N_TRIALS_SB": 30,
      "T_PER_MODEL": 500,
      "N_ESTIMATORS_ESHAP": 2000,
      "TAU_CLUSTER": 0.3
    },
    "elapsed_s": null,
    "output": "results/tables/first_mover_visualization.json",
    "hardware": {
      "note": "SageMaker run \u2014 hardware details not captured at time of run"
    }
  },
  "Single Best": {
    "avg_importance": [
      0.32444661365058625,
      0.30560670864663253,
      0.33471483993841356,
      0.31769704018215,
      0.2994178003881357
    ],
    "std_importance": [
      0.06909585535626349,
      0.05933872196886208,
      0.04925072447181684,
      0.03963742872322081,
      0.06492890618144556
    ],
    "concentration": 0.21159266476948208
  },
  "Large Single Model": {
    "avg_importance": [
      0.3240509241976089,
      0.2872079237131273,
      0.29592435709344495,
      0.3168118550430694,
      0.30005252747781713
    ],
    "std_importance": [
      0.06761058677424406,
      0.06179501395784477,
      0.06882363446674476,
      0.08186916757438446,
      0.06527832093759403
    ],
    "concentration": 0.21262520070162597
  },
  "DASH (MaxMin)": {
    "avg_importance": [
      0.3135640958572092,
      0.30597049203812515,
      0.32738642727621314,
      0.3111486927937103,
      0.30538003510903605
    ],
    "std_importance": [
      0.02166403612612578,
      0.03247866206717184,
      0.029301208625570795,
      0.02889293416015202,
      0.035295342219796966
    ],
    "concentration": 0.20940003265568094
  }
}
