{
  "_meta": {
    "experiment": "first_mover_visualization",
    "timestamp": "2026-03-30T01:24:11.745031+00:00",
    "code_sha": "fc78ce985b5e3eb9c169e8a60039f2c4e9aa6e05",
    "code_dirty": true,
    "config_sha": "7397c9c48f4d0732ec9f8c22fe7d8a375041be76fcb6b917ff371461b83c2a42",
    "n_reps": 50,
    "paper_config": {
      "M": 200,
      "K": 30,
      "N_REPS": 50,
      "EPSILON": 0.08,
      "DELTA": 0.05,
      "N_TRIALS_SB": 30,
      "T_PER_MODEL": 500,
      "N_ESTIMATORS_ESHAP": 2000,
      "TAU_CLUSTER": 0.3
    },
    "elapsed_s": 2051.48,
    "output": "results/tables/first_mover_visualization.json",
    "hardware": {
      "cpu_count": 64,
      "hostname": "ip-10-10-23-214.eu-central-1.compute.internal",
      "platform": "Linux-5.10.251-248.983.amzn2.x86_64-x86_64-with-glibc2.26",
      "python": "3.10.20",
      "ram_gb": 247.7,
      "instance_type": "ml.g5.16xlarge"
    }
  },
  "Single Best": {
    "avg_importance": [
      0.3244461622035951,
      0.3057206662194754,
      0.33469134131498823,
      0.3176857250742172,
      0.2994633496684746
    ],
    "std_importance": [
      0.06910148024490587,
      0.059326819021316195,
      0.049256459080079217,
      0.03962606822889252,
      0.06496351220215545
    ],
    "concentration": 0.21156119383238672
  },
  "Large Single Model": {
    "avg_importance": [
      0.32408389588378866,
      0.287152714887395,
      0.2960932812579414,
      0.31691008661079006,
      0.29977836066984154
    ],
    "std_importance": [
      0.06763882264113842,
      0.06179538955936231,
      0.06861567036050667,
      0.08191375947507706,
      0.0654285530697999
    ],
    "concentration": 0.2126509160049245
  },
  "DASH (MaxMin)": {
    "avg_importance": [
      0.31199654058648696,
      0.30448571592485846,
      0.3284304831605646,
      0.3121257925652134,
      0.3064632141566369
    ],
    "std_importance": [
      0.023018512440200565,
      0.03263445645816698,
      0.029039733870421382,
      0.028109096886262567,
      0.03254911591899231
    ],
    "concentration": 0.21006083549128626
  }
}