{
  "Single Best": {
    "stability": 0.901397084548105,
    "topk5_stability": 0.4373760932944606,
    "topk5_se": 0.008446211512138311,
    "topk5_ci_lo": 0.4254324588130869,
    "topk5_ci_hi": 0.4415213396467379,
    "accuracy_mean": 0.7714830458315055,
    "accuracy_std": 0.11471572334316507,
    "group_accuracy_mean": 0.9929696969696968,
    "group_mse_mean": 0.0002648424512896333,
    "group_mse_std": 0.00022686294010580257,
    "equity_mean": 0.6811939824771787,
    "equity_std": 0.1442853857621821,
    "rmse_mean": 0.58826724575018,
    "rmse_std": 0.020608428946878532
  },
  "DASH (MaxMin)": {
    "stability": 0.9761586397824434,
    "topk5_stability": 0.59421768707483,
    "topk5_se": 0.015529542605757403,
    "topk5_ci_lo": 0.5581830328501066,
    "topk5_ci_hi": 0.6166509780452085,
    "accuracy_mean": 0.8550352850340619,
    "accuracy_std": 0.01628619873385403,
    "group_accuracy_mean": 0.9995151515151514,
    "group_mse_mean": 0.00014477494891153726,
    "group_mse_std": 6.297597903702349e-05,
    "equity_mean": 0.594771756405428,
    "equity_std": 0.03269496984002514,
    "rmse_mean": 0.5756661102601681,
    "rmse_std": 0.01867331139536472
  },
  "DASH (Cluster)": {
    "stability": 0.974927152901977,
    "topk5_stability": 0.5309815354713314,
    "topk5_se": 0.017268666778930995,
    "topk5_ci_lo": 0.4934775332255922,
    "topk5_ci_hi": 0.557099760079027,
    "accuracy_mean": 0.836410219007158,
    "accuracy_std": 0.019236162241811607,
    "group_accuracy_mean": 0.9987878787878786,
    "group_mse_mean": 0.00020205092037754217,
    "group_mse_std": 7.360954562478845e-05,
    "equity_mean": 0.6390557594039789,
    "equity_std": 0.034908071021627636,
    "rmse_mean": 0.5756661102601681,
    "rmse_std": 0.01867331139536472
  }
}