{
  "_meta": {
    "experiment": "overlapping",
    "timestamp": "2026-03-30T03:14:53.360781+00:00",
    "code_sha": "6495a5bf19abdbe217dd3b664092963cbf53d427",
    "code_dirty": true,
    "config_sha": "7397c9c48f4d0732ec9f8c22fe7d8a375041be76fcb6b917ff371461b83c2a42",
    "n_reps": 50,
    "paper_config": {
      "M": 200,
      "K": 30,
      "N_REPS": 50,
      "EPSILON": 0.08,
      "DELTA": 0.05,
      "N_TRIALS_SB": 30,
      "T_PER_MODEL": 500,
      "N_ESTIMATORS_ESHAP": 2000,
      "TAU_CLUSTER": 0.3
    },
    "elapsed_s": 6641.61,
    "output": "results/tables/overlapping.json",
    "hardware": {
      "cpu_count": 64,
      "hostname": "ip-10-10-23-214.eu-central-1.compute.internal",
      "platform": "Linux-5.10.251-248.983.amzn2.x86_64-x86_64-with-glibc2.26",
      "python": "3.10.20",
      "ram_gb": 247.7,
      "instance_type": "ml.g5.16xlarge"
    }
  },
  "Single Best": {
    "stability": 0.8969622265232624,
    "topk5_stability": 0.43924198250728863,
    "topk5_se": 0.011041346078203847,
    "topk5_ci_lo": 0.41806318702618606,
    "topk5_ci_hi": 0.4476736055314655,
    "accuracy_mean": 0.7814131976147614,
    "accuracy_std": 0.11586401730799839,
    "group_accuracy_mean": 0.9929696969696968,
    "group_mse_mean": 0.00025910170682098924,
    "group_mse_std": 0.00022449252594743948,
    "equity_mean": 0.6644765012767698,
    "equity_std": 0.1514645135976388,
    "rmse_mean": 0.5890069728921477,
    "rmse_std": 0.020781665136370732,
    "acc_runs": [
      0.893375900228305,
      0.9165366040959575,
      0.6352305550367613,
      0.7423488104246541,
      0.8002505700937855,
      0.7857751301765027,
      0.8214812153058003,
      0.7032651226479906,
      0.8760053723275657,
      0.8972360175395804,
      0.5565806648195247,
      0.7558592210141182,
      0.6994050053367152,
      0.7177405625652734,
      0.7857751301765027,
      0.833544081903536,
      0.8166560686667059,
      0.9136415161125009,
      0.708090269287085,
      0.6762443014690627,
      0.9092988841373162,
      0.693614829369802,
      0.6082097338578334,
      0.8494670658125472,
      0.6829995067637946,
      0.8962709882117615,
      0.9150890601042293,
      0.8731102843441091,
      0.8282364206005324,
      0.6564612002487761,
      0.8711802256884712,
      0.6569437149126856,
      0.8595998737546451,
      0.8605649030824638,
      0.8364391698869926,
      0.5671959874255321,
      0.8755228576636562,
      0.8460894631651812,
      0.6974749466810775,
      0.876487886991475,
      0.8282364206005324,
      0.9479000572500703,
      0.8731102843441091,
      0.8605649030824638,
      0.5382451075909664,
      0.4875810678804765,
      0.7732297489148576,
      0.5946993232683694,
      0.9054387668260406,
      0.866355079049377
    ],
    "eq_runs": [
      0.4715382056421625,
      0.42213938023911723,
      0.8544984225086427,
      0.7919069960557372,
      0.621393194514414,
      0.7604190802986478,
      0.6180488723665233,
      0.8684576552596226,
      0.5574023034258806,
      0.4773487756263233,
      0.8230281909880054,
      0.7723437174541107,
      0.8363988897562523,
      0.7950125593524329,
      0.681499499646672,
      0.6056554825048676,
      0.6551794726929782,
      0.45706086443537275,
      0.7681863943058864,
      0.8363029761044573,
      0.4619149370592961,
      0.8315081895507348,
      0.846904541220488,
      0.6134640516637149,
      0.7347187855410973,
      0.5158433964451983,
      0.3542070647007901,
      0.5400099199399857,
      0.7380041882861159,
      0.7857435221402377,
      0.5706002226297258,
      0.8630802793167953,
      0.5446954085731643,
      0.5162646392044664,
      0.7156917598821257,
      0.8954911405240009,
      0.5251819381183738,
      0.6457821797051831,
      0.8490597828227815,
      0.5442067112912323,
      0.6428288481128486,
      0.33915473085137615,
      0.49296511027558304,
      0.5588158966458818,
      0.848124603686329,
      0.8145081208511499,
      0.7818471982007373,
      0.8081464624304312,
      0.5385654344432289,
      0.6326750665473063
    ],
    "rmse_runs": [
      0.563774934564208,
      0.571366945354589,
      0.6132760050227396,
      0.5835174740424193,
      0.5868347885781271,
      0.5843927589880273,
      0.5831540660639252,
      0.5713477817674029,
      0.6570917054767308,
      0.5896064277042871,
      0.5731670697255501,
      0.5760286760661347,
      0.5871396191080552,
      0.6077424555495833,
      0.5903833879535121,
      0.578214632592288,
      0.6132781534204231,
      0.61479210779835,
      0.5733733651635292,
      0.5879778397475203,
      0.6089628298358858,
      0.5774475715583355,
      0.5950033069331736,
      0.6084096178156244,
      0.6444947354081217,
      0.5886073920933355,
      0.5897760219262255,
      0.572685489626125,
      0.6116365054388225,
      0.5931708294901653,
      0.5897594876355204,
      0.5623946196398953,
      0.5840269134092332,
      0.6356225492874,
      0.5855946908954877,
      0.5784295891740713,
      0.5940518055700375,
      0.5559944843235607,
      0.556692068453098,
      0.5620037824715063,
      0.568093090738173,
      0.5919673243112628,
      0.5789212746432051,
      0.5795385207272385,
      0.5868230414382313,
      0.6034051443618409,
      0.5786520541000731,
      0.5814222516496244,
      0.6110283387944916,
      0.5692731181702124
    ],
    "n_reps": 50
  },
  "DASH (MaxMin)": {
    "stability": 0.9761958791679937,
    "topk5_stability": 0.5946550048590865,
    "topk5_se": 0.016234343191183612,
    "topk5_ci_lo": 0.5617024734654659,
    "topk5_ci_hi": 0.6168899576325452,
    "accuracy_mean": 0.8555853517509188,
    "accuracy_std": 0.016340497121967324,
    "group_accuracy_mean": 0.9997575757575757,
    "group_mse_mean": 0.00014751275852731134,
    "group_mse_std": 5.770297645294076e-05,
    "equity_mean": 0.5972839042033884,
    "equity_std": 0.030807613255566968,
    "rmse_mean": 0.5752580983061764,
    "rmse_std": 0.01818363868143439,
    "acc_runs": [
      0.867320108377196,
      0.853809697787732,
      0.8760053723275657,
      0.8518796391320942,
      0.8494670658125472,
      0.8721452550162903,
      0.86394250572983,
      0.8716627403523807,
      0.8755228576636562,
      0.8769704016553844,
      0.8258238472809852,
      0.866355079049377,
      0.8547747271155509,
      0.8436768898456339,
      0.8687676523689242,
      0.88083051896666,
      0.8513971244681848,
      0.847054492493,
      0.8576698150990074,
      0.8557397564433696,
      0.8513971244681848,
      0.8784179456471127,
      0.8547747271155509,
      0.8504320951403659,
      0.8716627403523807,
      0.8620124470741922,
      0.8576698150990074,
      0.8678026230411053,
      0.8398167725343585,
      0.8359566552230832,
      0.867320108377196,
      0.8586348444268262,
      0.8571873004350979,
      0.8340265965674454,
      0.8441594045095435,
      0.8465719778290905,
      0.8678026230411053,
      0.8547747271155509,
      0.8277539059366229,
      0.8789004603110221,
      0.8195511566501626,
      0.8499495804764564,
      0.8668375937132865,
      0.8108658926997929,
      0.8523621537960037,
      0.8750403429997468,
      0.833544081903536,
      0.8610474177463733,
      0.8267888766088041,
      0.8653900497215583
    ],