{
  "_meta": {
    "experiment": "table2_baselines",
    "timestamp": "2026-03-25T21:55:15.505814+00:00",
    "code_sha": "74edfe66d8be3d76eae30c44cba4c003fb6d228b",
    "code_dirty": true,
    "config_sha": "7397c9c48f4d0732ec9f8c22fe7d8a375041be76fcb6b917ff371461b83c2a42",
    "n_reps": 50,
    "paper_config": {
      "M": 200,
      "K": 30,
      "N_REPS": 50,
      "EPSILON": 0.08,
      "DELTA": 0.05,
      "N_TRIALS_SB": 30,
      "T_PER_MODEL": 500,
      "N_ESTIMATORS_ESHAP": 2000,
      "TAU_CLUSTER": 0.3
    },
    "elapsed_s": null,
    "output": "results/tables/table2_baselines.json",
    "hardware": {
      "cpu_count": 72,
      "hostname": "default",
      "platform": "Linux-6.1.163-186.299.amzn2023.x86_64-x86_64-with-glibc2.35",
      "python": "3.11.11",
      "ram_gb": 137.6
    },
    "backfilled": true
  },
  "Ensemble SHAP": {
    "stability": 0.9552530759242472,
    "stability_se": 0.0013844335073326588,
    "stability_ci_lo": 0.951623904892651,
    "stability_ci_hi": 0.9570841468552557,
    "topk5_stability": 0.514804016844833,
    "topk5_se": 0.01559742579202781,
    "topk5_ci_lo": 0.48092688791386173,
    "topk5_ci_hi": 0.5367009505464019,
    "accuracy_mean": 0.9766482809257938,
    "accuracy_std": 0.005527440056588188,
    "equity_mean": 0.23682560757229706,
    "equity_std": 0.025538875529697653,
    "acc_runs": [
      0.9831236277154586,
      0.9720257904455417,
      0.9749208784289983,
      0.9773334517485454,
      0.9807110543959113,
      0.9782984810763643,
      0.9749208784289983,
      0.9782984810763643,
      0.9787809957402736,
      0.9836061423793679,
      0.9763684224207265,
      0.9705782464538133,
      0.9773334517485454,
      0.976850937084636,
      0.975885907756817,
      0.9734733344372699,
      0.9816760837237303,
      0.9691307024620851,
      0.9763684224207265,
      0.9729908197733607,
      0.9840886570432773,
      0.9754033930929077,
      0.9840886570432773,
      0.9739558491011794,
      0.9831236277154586,
      0.9807110543959113,
      0.9811935690598207,
      0.9589978945199872,
      0.9845711717071868,
      0.9754033930929077,
      0.9840886570432773,
      0.9821585983876397,
      0.9782984810763643,
      0.9715432757816322,
      0.980228539732002,
      0.9749208784289983,
      0.9749208784289983,
      0.9763684224207265,
      0.9672006438064474,
      0.9700957317899039,
      0.9705782464538133,
      0.979263510404183,
      0.9821585983876397,
      0.9778159664124548,
      0.9816760837237303,
      0.9754033930929077,
      0.9778159664124548,
      0.9618929825034437,
      0.9807110543959113,
      0.9710607611177228
    ],
    "eq_runs": [
      0.21445849631424937,
      0.2750868921679199,
      0.24032443573179157,
      0.22635960955629505,
      0.22405909306725796,
      0.2421163440743405,
      0.2288683522989327,
      0.23100359136893395,
      0.2540458342677713,
      0.20176197982812574,
      0.2227569915212145,
      0.2679428836562815,
      0.2129915873504002,
      0.2424633901679262,
      0.19930054121961982,
      0.27091014602295116,
      0.21866668625600538,
      0.2684648764978847,
      0.23584564786051732,
      0.21453849305611133,
      0.20034680228859192,
      0.2306666625503475,
      0.21743485949699953,
      0.22862805039165393,
      0.21096840459165875,
      0.2371260265865537,
      0.23393859431126854,
      0.2878695312170791,
      0.18593021964784448,
      0.25852053794234475,
      0.20428062844211053,
      0.20025277225342064,
      0.24093437698910933,
      0.26004897828038454,
      0.24454682382403053,
      0.24762115498033405,
      0.25083387371166754,
      0.2504150495084967,
      0.23426563067534145,
      0.2618183017507153,
      0.25794687986234255,
      0.21627364584902894,
      0.18781501152690364,
      0.23526726338847498,
      0.2377507473201877,
      0.24969501177659,
      0.2409953536996471,
      0.30063795552524997,
      0.26133512045281954,
      0.27515023748912515
    ]
  },
  "Stochastic Retrain": {
    "stability": 0.977633319450229,
    "stability_se": 0.0010872834154629619,
    "stability_ci_lo": 0.9751644261432934,
    "stability_ci_hi": 0.9793520311132655,
    "topk5_stability": 0.9346938775510204,
    "topk5_se": 0.025691736489419848,
    "topk5_ci_lo": 0.8556380100216708,
    "topk5_ci_hi": 0.9610884353741496,
    "accuracy_mean": 0.9884891907781314,
    "accuracy_std": 0.004294374976634138,
    "equity_mean": 0.17957693705015718,
    "equity_std": 0.03733279241061436,
    "acc_runs": [
      0.9884312890184622,
      0.9821585983876397,
      0.9879487743545528,
      0.9831236277154586,
      0.9942214649853753,
      0.993738950321466,
      0.993738950321466,
      0.9850536863710962,
      0.9889138036823716,
      0.9947039796492847,
      0.9913263770019188,
      0.9913263770019188,
      0.9816760837237303,
      0.9865012303628244,
      0.9840886570432773,
      0.9879487743545528,
      0.9918088916658282,
      0.9831236277154586,
      0.9918088916658282,
      0.9826411130515491,
      0.9903613476741,
      0.9951864943131942,
      0.9918088916658282,
      0.9922914063297377,
      0.9879487743545528,
      0.9922914063297377,
      0.9898788330101904,
      0.9826411130515491,
      0.993738950321466,
      0.9908438623380095,
      0.9927739209936471,
      0.9918088916658282,
      0.9816760837237303,
      0.9831236277154586,
      0.9850536863710962,
      0.9884312890184622,
      0.9951864943131942,
      0.9889138036823716,
      0.9850536863710962,
      0.9831236277154586,
      0.9889138036823716,
      0.9922914063297377,
      0.9840886570432773,
      0.9869837450267339,
      0.989396318346281,
      0.9922914063297377,
      0.989396318346281,
      0.9913263770019188,
      0.9840886570432773,
      0.979263510404183
    ],
    "eq_runs": [
      0.17786277995311697,
      0.19334509453163923,
      0.21237611622291555,
      0.2603343765831405,
      0.12066858423527171,
      0.15052398383194862,
      0.1279793186046411,
      0.20865534422731596,
      0.18455223821706018,
      0.10864904879423512,
      0.22115789633580185,
      0.15470675290506716,
      0.22554949100542135,
      0.22501087629767774,
      0.2182117949913928,
      0.18355089305365696,
      0.14848316357487246,
      0.2306886879560685,
      0.16294847193925194,
      0.20772892775817953,
      0.16094351679775895,
      0.11017804427082604,
      0.1661255009133939,
      0.1381449014661671,
      0.17684341540635085,
      0.1360455049371739,
      0.16634711686485576,
      0.1946549574284472,
      0.11786855323006355,
      0.16969171901291255,
      0.13435472598147347,
      0.14727914141031473,
      0.2231780046008583,
      0.22755713317441145,
      0.2110852407843447,
      0.18464817393815075,
      0.12728449001042666,
      0.17311275317996244,
      0.20649293391212456,
      0.23204654896262547,
      0.18525299715761395,
      0.15932958711321338,
      0.21887776031711087,
      0.17258915984333698,
      0.18534209910075178,
      0.15168906834172052,
      0.17161906503796986,
      0.16091803177714667,
      0.21829894692840832,
      0.22806391958926872
    ]
  },
  "Random Forest": {
    "stability": 0.9776061150991008,
    "stability_se": 0.0007411771251910474,
    "stability_ci_lo": 0.9755305931798588,
    "stability_ci_hi": 0.9786175080578445,
    "topk5_stability": 0.3752899254940071,
    "topk5_se": 0.012148835567772789,
    "topk5_ci_lo": 0.36064243459028617,
    "topk5_ci_hi": 0.38408224473543723,
    "accuracy_mean": 0.9876399649696508,
    "accuracy_std": 0.003167452246252601,
    "equity_mean": 0.16657147021096333,
    "equity_std": 0.02095343428665732,