{
  "_meta": {
    "experiment": "table2_baselines",
    "timestamp": "2026-03-27T23:35:52.009718+00:00",
    "code_sha": "c71565c6db1898c1dbeb969af99ef08b9648122f",
    "code_dirty": true,
    "config_sha": "7397c9c48f4d0732ec9f8c22fe7d8a375041be76fcb6b917ff371461b83c2a42",
    "n_reps": 50,
    "paper_config": {
      "M": 200,
      "K": 30,
      "N_REPS": 50,
      "EPSILON": 0.08,
      "DELTA": 0.05,
      "N_TRIALS_SB": 30,
      "T_PER_MODEL": 500,
      "N_ESTIMATORS_ESHAP": 2000,
      "TAU_CLUSTER": 0.3
    },
    "elapsed_s": 3224.1,
    "output": "results/tables/table2_baselines.json",
    "hardware": {
      "cpu_count": 64,
      "hostname": "ip-10-10-23-214.eu-central-1.compute.internal",
      "platform": "Linux-5.10.251-248.983.amzn2.x86_64-x86_64-with-glibc2.26",
      "python": "3.10.20",
      "ram_gb": 247.7,
      "instance_type": "ml.g5.16xlarge"
    }
  },
  "Ensemble SHAP": {
    "stability": 0.9555855648381802,
    "stability_se": 0.0014247410571810676,
    "stability_ci_lo": 0.9519518498407264,
    "stability_ci_hi": 0.9574532907533924,
    "topk5_stability": 0.5212374473598963,
    "topk5_se": 0.01681603946885566,
    "topk5_ci_lo": 0.48441812672714685,
    "topk5_ci_hi": 0.5444016439687179,
    "accuracy_mean": 0.9768412867913576,
    "accuracy_std": 0.005634203929285845,
    "equity_mean": 0.2363831852727063,
    "equity_std": 0.02620097099559193,
    "acc_runs": [
      0.9826411130515491,
      0.9720257904455417,
      0.976850937084636,
      0.9773334517485454,
      0.9807110543959113,
      0.9782984810763643,
      0.9816760837237303,
      0.9782984810763643,
      0.9787809957402736,
      0.9836061423793679,
      0.9763684224207265,
      0.9705782464538133,
      0.9773334517485454,
      0.979263510404183,
      0.975885907756817,
      0.9734733344372699,
      0.9816760837237303,
      0.9729908197733607,
      0.9763684224207265,
      0.976850937084636,
      0.9840886570432773,
      0.9754033930929077,
      0.9840886570432773,
      0.9739558491011794,
      0.9831236277154586,
      0.9782984810763643,
      0.9850536863710962,
      0.9589978945199872,
      0.9845711717071868,
      0.9754033930929077,
      0.9840886570432773,
      0.9821585983876397,
      0.9797460250680925,
      0.9715432757816322,
      0.980228539732002,
      0.9749208784289983,
      0.9749208784289983,
      0.9739558491011794,
      0.9643055558229909,
      0.9700957317899039,
      0.9705782464538133,
      0.9773334517485454,
      0.9821585983876397,
      0.979263510404183,
      0.9816760837237303,
      0.9754033930929077,
      0.9773334517485454,
      0.9618929825034437,
      0.9754033930929077,
      0.9710607611177228
    ],
    "eq_runs": [
      0.20637487492980894,
      0.2750868921679199,
      0.2549429156172847,
      0.22635960955629505,
      0.22405909306725796,
      0.2421163440743405,
      0.22863599612592794,
      0.23100359136893395,
      0.2540458342677713,
      0.20550641184049812,
      0.2227569915212145,
      0.2679428836562815,
      0.2129915873504002,
      0.241577935614451,
      0.19930054121961982,
      0.27091014602295116,
      0.21866668625600538,
      0.26780933043914246,
      0.23584564786051732,
      0.2071575383671596,
      0.20034680228859192,
      0.2306666625503475,
      0.21743485949699953,
      0.22862805039165393,
      0.21096840459165875,
      0.2258585178149723,
      0.21418445490369287,
      0.2878695312170791,
      0.18593021964784448,
      0.25800722227207057,
      0.20428062844211053,
      0.20025277225342064,
      0.2305800029101961,
      0.26004897828038454,
      0.24479656420432971,
      0.24762115498033405,
      0.25083387371166754,
      0.25388653230100355,
      0.2406986279480842,
      0.2618183017507153,
      0.25794687986234255,
      0.218514632132772,
      0.18781501152690364,
      0.2379471519991863,
      0.2377507473201877,
      0.24969501177659,
      0.2407006755604193,
      0.30063795552524997,
      0.26519794716159995,
      0.27515023748912515
    ]
  },
  "Stochastic Retrain": {
    "stability": 0.9776187372908346,
    "stability_se": 0.0010897104129617013,
    "stability_ci_lo": 0.9751423080095896,
    "stability_ci_hi": 0.9793830241120451,
    "topk5_stability": 0.9221379980563654,
    "topk5_se": 0.027555126230824442,
    "topk5_ci_lo": 0.8419797316367562,
    "topk5_ci_hi": 0.9606997084548103,
    "accuracy_mean": 0.9884795404848533,
    "accuracy_std": 0.004320418878234975,
    "equity_mean": 0.17968348279978527,
    "equity_std": 0.037298361311726154,
    "acc_runs": [
      0.9884312890184622,
      0.9826411130515491,
      0.9879487743545528,
      0.9831236277154586,
      0.993738950321466,
      0.993738950321466,
      0.993738950321466,
      0.9845711717071868,
      0.9889138036823716,
      0.9947039796492847,
      0.9913263770019188,
      0.9908438623380095,
      0.9816760837237303,
      0.9865012303628244,
      0.9840886570432773,
      0.9884312890184622,
      0.9918088916658282,
      0.9826411130515491,
      0.9922914063297377,
      0.9816760837237303,
      0.9903613476741,
      0.9951864943131942,
      0.9918088916658282,
      0.9922914063297377,
      0.9889138036823716,
      0.9922914063297377,
      0.9898788330101904,
      0.9826411130515491,
      0.993738950321466,
      0.9908438623380095,
      0.9927739209936471,
      0.9918088916658282,
      0.9807110543959113,
      0.9831236277154586,
      0.9850536863710962,
      0.9884312890184622,
      0.9951864943131942,
      0.9889138036823716,
      0.9850536863710962,
      0.9836061423793679,
      0.9889138036823716,
      0.9922914063297377,
      0.9840886570432773,
      0.9869837450267339,
      0.989396318346281,
      0.9922914063297377,
      0.989396318346281,
      0.9913263770019188,
      0.9840886570432773,
      0.9797460250680925
    ],
    "eq_runs": [
      0.177546636793588,
      0.1928071641152715,
      0.21167356045509603,
      0.26065728807697436,
      0.12125281207464991,
      0.15106001064639848,
      0.12847927789432534,
      0.20835536589334266,
      0.1841409422133556,
      0.10919029338685857,
      0.21985937564108665,
      0.15527087641424203,
      0.22575048134302556,
      0.2275801571469393,
      0.21812357976843372,
      0.18420652483255284,
      0.1491235419097322,
      0.23088833743426612,
      0.16347720614083752,
      0.208758267797655,
      0.1614601672086683,
      0.10929283160896364,
      0.1665844585346931,
      0.13886943602470897,
      0.17703668755344754,
      0.1362565308028326,
      0.16654994109082827,
      0.1936801512525425,
      0.1178482609808688,
      0.1703363440492534,
      0.13530749597642694,
      0.1467413632864754,
      0.22471155548474817,
      0.2266012496231125,
      0.21034992317944523,
      0.1842879211644581,
      0.12768373207704992,
      0.17387966761169,
      0.20608502915128865,
      0.2324139566481648,
      0.18502276220379837,
      0.1598245218536496,
      0.21960901712853506,
      0.1739718504459932,
      0.1851341669886707,
      0.14997084847102732,
      0.1724713229235951,
      0.15859981359918363,
      0.21821746116722301,
      0.2271739719192908
    ]
  },
  "Random Forest": {
    "stability": 0.977604860719798,
    "stability_se": 0.0007409868371952661,
    "stability_ci_lo": 0.9755276733977151,
    "stability_ci_hi": 0.9786217126663674,
    "topk5_stability": 0.3752899254940071,
    "topk5_se": 0.012148835567772789,
    "topk5_ci_lo": 0.36064243459028617,
    "topk5_ci_hi": 0.38408224473543723,
    "accuracy_mean": 0.9876399649696508,
    "accuracy_std": 0.003167452246252601,
    "equity_mean": 0.16656097424579974,
    "equity_std": 0.02095399205632873,